date,time,abbreviation_canton,tests_performed,total_positive_cases,new_hosp,total_hospitalized,intensive_care,ncumul_vent,released,deaths,source,ncumul_confirmed_non_resident,current_hosp_non_resident,ncumul_ICF,ncumul_deceased_suspect,TotalPosTests1,ninst_ICU_intub,lat,long,name_canton,number_canton,new_positive_cases,new_deaths,total_currently_positive_per_100k,deaths_per_100k
2020-04-19,16:00,JU,,192,-1,16,5,,,2,https://www.jura.ch/fr/Autorites/Coronavirus/Accueil/Coronavirus-Informations-officielles-a-la-population-jurassienne.html,,,,,,,47.350744,7.156107,Jura,26,0,0,261.94,2.729
2020-04-19,16:15,NW,,108,0,4,2,,,3,https://www.nw.ch/gesundheitsamtdienste/6044,,,,,,,46.926755,8.405302,Nidwalden,07,0,0,251.16,6.977
2020-04-19,03:00,VD,,4966,1,249,57,,225,298,https://www.vd.ch/toutes-les-actualites/hotline-et-informations-sur-le-coronavirus/point-de-situation-statistique-dans-le-canton-de-vaud/,,,,,,,46.570091,6.557809000000001,Vaud,22,21,6,626.15,37.574
2020-04-20,14:45,AG,,1012,0,45,16,16.0,640,28,https://www.ag.ch/media/kanton_aargau/themen_1/coronavirus_1/lagebulletins/200420_KFS_Coronavirus_Lagebulletin_36.pdf,,,,,,,47.40966,8.15688,Aargau,01,9,3,150.82,4.173
2020-04-20,13:00,AR,,86,0,6,,,,3,https://www.ar.ch/verwaltung/departement-gesundheit-und-soziales/amt-fuer-gesundheit/informationsseite-coronavirus/,,,,,,,47.416351999999996,9.36791,Appenzell Ausserrhoden,15,4,0,155.8,5.435
2020-04-20,03:00,BL,,806,0,40,6,3.0,664,25,https://www.baselland.ch/politik-und-behorden/direktionen/volkswirtschafts-und-gesundheitsdirektion/amt-fur-gesundheit/medizinische-dienste/kantonsarztlicher-dienst/aktuelles/covid-19-faelle-kanton-basel-landschaft,,,,,,,47.45176,7.702414,Basel-Landschaft,13,3,0,280.84,8.711
2020-04-20,03:00,FL,900,81,0,,,,1,1,https://www.regierung.li/de/mitteilungen/223410/?typ=news,,,,,,,47.166667,9.509722,Fürstentum Lichtenstein,00,0,0,209.84,2.591
2020-04-20,12:00,GE,21924,4671,6,321,34,29.0,561,195,https://www.ge.ch/document/covid-19-situation-epidemiologique-geneve/telecharger,,,20.0,,,,46.220528,6.132935,Genève,25,0,0,943.26,39.378
2020-04-20,13:00,GL,,114,1,5,,,,5,https://www.gl.ch/verwaltung/finanzen-und-gesundheit/gesundheit/coronavirus.html/4817#Fallzahlen,,,,,,,46.931042000000005,9.065751,Glarus,08,6,2,282.88,12.407
2020-04-20,03:00,GR,,778,1,29,,,,40,https://www.gr.ch/DE/institutionen/verwaltung/djsg/ga/coronavirus/info/Seiten/Start.aspx,,,,,,,46.656248,9.628198,Graubünden/Grigioni,01,9,0,393.13,20.212
2020-04-20,16:00,NE,,638,1,44,10,5.0,,50,https://www.ne.ch/autorites/DFS/SCSP/medecin-cantonal/maladies-vaccinations/Documents/Covid-19-Statistiques/COVID19_PublicationInternet.pdf,,,,,,,46.995534,6.780126,Neuchâtel,24,0,0,358.43,28.09
2020-04-20,15:00,OW,6,67,0,0,,,1,0,https://www.ow.ch/de/verwaltung/dienstleistungen/?dienst_id=5962,,,,,,,46.804527,8.144317000000001,Obwalden,06,1,0,178.19,0.0
2020-04-20,14:00,UR,85,78,0,2,,,69,5,https://www.ur.ch/themen/2962,,,,,,,46.771849,8.628586,Uri,04,0,0,214.88,13.774
2020-04-20,15:00,VS,,1771,-3,79,18,9.0,206,108,https://www.vs.ch/documents/6756452/7008787/2020%2004%2020%20Sit%20Epid%20-%20%C3%89tat%20Stand,,,,,,,46.209567,7.604659,Valais/Wallis,23,16,5,518.59,31.625
2020-04-20,14:30,ZH,,3254,5,121,,43.0,,103,https://gd.zh.ch/internet/gesundheitsdirektion/de/themen/coronavirus.html,,,,,,,47.41275,8.65508,Zürich,01,16,1,216.31,6.847
2020-04-21,11:00,AI,,24,0,1,,,,,https://www.ai.ch/themen/gesundheit-alter-und-soziales/gesundheitsfoerderung-und-praevention/uebertragbare-krankheiten/coronavirus,,,,,,,47.317264,9.416754,Appenzell Innerrhoden,16,0,0,149.07,
2020-04-21,08:00,BE,,1622,-5,66,17,11.0,,77,https://www.besondere-lage.sites.be.ch/besondere-lage_sites/de/index/corona/index.html,,,,,,,46.823608,7.636667,Bern/Berne,02,9,4,157.31,7.468
2020-04-21,09:15,BS,235,933,0,54,9,,781,44,https://www.gd.bs.ch//nm/2020-tagesbulletin-coronavirus-933-bestaetigte-faelle-im-kanton-basel-stadt-gd-2.html,,,,,,,47.564869,7.615259,Basel-Stadt,12,0,2,481.18,22.692
2020-04-21,03:00,FR,30,995,-2,60,8,,115,74,https://www.fr.ch/covid19/sante/covid-19/coronavirus-statistiques-evolution-de-la-situation-dans-le-canton,,,,,,,46.718391,7.074008,Fribourg,10,6,2,315.77,23.485
2020-04-21,11:00,LU,,643,0,33,5,,,15,https://gesundheit.lu.ch/themen/Humanmedizin/Infektionskrankheiten/Coronavirus,,,,,,,47.067763,8.1102,Luzern,03,10,0,158.18,3.69
2020-04-21,03:00,SG,,718,6,48,8,,159,29,https://www.sg.ch/tools/informationen-coronavirus.html,,,,,,,47.1832,9.274744,St. Gallen,17,7,2,142.26,5.746
2020-04-21,09:30,SH,,63,4,10,2,,,2,https://sh.ch/CMS/Webseite/Kanton-Schaffhausen/Beh-rde/Verwaltung/Departement-des-Innern/Gesundheitsamt-3209198-DE.html,,,,,,,47.71357,8.59167,Schaffhausen,14,0,1,77.4,2.457
2020-04-21,03:00,SO,,359,0,19,,,,11,https://corona.so.ch/,,,,,,,47.304135,7.639388,Solothurn,11,4,0,132.28,4.053
2020-04-21,07:43,SZ,10,276,0,1,,,192,16,https://www.sz.ch/public/upload/assets/46178/COVID-19_Fallzahlen_Kanton_Schwyz.xlsx,,,,,,,47.061787,8.756585,Schwyz,05,4,1,175.46,10.172
2020-04-21,03:00,TG,276,339,0,24,12,,,13,https://www.tg.ch/news/fachdossier-coronavirus.html/10552,,,,,,,47.568715,9.091957,Thurgau,01,4,0,123.81,4.748
2020-04-21,08:00,TI,,3065,0,237,55,42.0,621,291,https://www4.ti.ch/area-media/comunicati/dettaglio-comunicato/?NEWS_ID=187648&tx_tichareamedia_comunicazioni%5Baction%5D=show&tx_tichareamedia_comunicazioni%5Bcontroller%5D=Comunicazioni&cHash=8c7fb45c6eada1e8d97d120f23176eb1,,,,,,,46.295617,8.808924,Ticino,21,7,3,866.55,82.273
2020-04-21,08:00,ZG,,176,0,11,5,,99,8,https://www.zg.ch/behoerden/gesundheitsdirektion/amt-fuer-gesundheit/corona,,,,,,,47.157296,8.537294,Zug,09,1,1,140.35,6.38
